des,price_Brunei,des,price_Cambodia,des,price_Indonesia,des,price_Laos,des,price_Malaysia,des,price_Myanmar,des,price_Philippines,des,price_Singapore,des,price_Vietnam,des,price_Thailand
"Meal, Inexpensive Restaurant",120.29 ฿,"Meal, Inexpensive Restaurant",94.05 ฿,"Meal, Inexpensive Restaurant",56.42 ฿,"Meal, Inexpensive Restaurant",104.27 ฿,"Meal, Inexpensive Restaurant",77.39 ฿,"Meal, Inexpensive Restaurant",64.79 ฿,"Meal, Inexpensive Restaurant",94.53 ฿,"Meal, Inexpensive Restaurant",348.55 ฿,"Meal, Inexpensive Restaurant",71.04 ฿,"Meal, Inexpensive Restaurant",70.00 ฿
"Meal for 2 People, Mid-range Restaurant, Three-course",961.53 ฿,"Meal for 2 People, Mid-range Restaurant, Three-course",647.88 ฿,"Meal for 2 People, Mid-range Restaurant, Three-course",451.37 ฿,"Meal for 2 People, Mid-range Restaurant, Three-course",779.82 ฿,"Meal for 2 People, Mid-range Restaurant, Three-course",464.32 ฿,"Meal for 2 People, Mid-range Restaurant, Three-course",647.88 ฿,"Meal for 2 People, Mid-range Restaurant, Three-course",630.17 ฿,"Meal for 2 People, Mid-range Restaurant, Three-course","1,923.06 ฿","Meal for 2 People, Mid-range Restaurant, Three-course",648.61 ฿,"Meal for 2 People, Mid-range Restaurant, Three-course",700.00 ฿
McMeal at McDonalds (or Equivalent Combo Meal),174.28 ฿,McMeal at McDonalds (or Equivalent Combo Meal),194.36 ฿,McMeal at McDonalds (or Equivalent Combo Meal),112.84 ฿,McMeal at McDonalds (or Equivalent Combo Meal),161.97 ฿,McMeal at McDonalds (or Equivalent Combo Meal),116.08 ฿,McMeal at McDonalds (or Equivalent Combo Meal),161.97 ฿,McMeal at McDonalds (or Equivalent Combo Meal),94.53 ฿,McMeal at McDonalds (or Equivalent Combo Meal),192.31 ฿,McMeal at McDonalds (or Equivalent Combo Meal),156.29 ฿,McMeal at McDonalds (or Equivalent Combo Meal),200.00 ฿
Domestic Non-Alcoholic Beer (0.5 liter draught),264.18 ฿,Domestic Beer (0.5 liter draught),32.39 ฿,Domestic Beer (0.5 liter draught),78.99 ฿,Domestic Beer (0.5 liter draught),38.87 ฿,Domestic Beer (0.5 liter draught),116.08 ฿,Domestic Beer (0.5 liter draught),40.42 ฿,Domestic Beer (0.5 liter draught),39.39 ฿,Domestic Beer (0.5 liter draught),240.38 ฿,Domestic Beer (0.5 liter draught),28.42 ฿,Domestic Beer (0.5 liter draught),70.00 ฿
Imported Non-Alcoholic Beer (0.33 liter bottle),162.14 ฿,Imported Beer (0.33 liter bottle),64.79 ฿,Imported Beer (0.33 liter bottle),112.84 ฿,Imported Beer (0.33 liter bottle),97.18 ฿,Imported Beer (0.33 liter bottle),123.82 ฿,Imported Beer (0.33 liter bottle),48.59 ฿,Imported Beer (0.33 liter bottle),63.02 ฿,Imported Beer (0.33 liter bottle),288.46 ฿,Imported Beer (0.33 liter bottle),56.83 ฿,Imported Beer (0.33 liter bottle),120.00 ฿
Cappuccino (regular),109.59 ฿,Cappuccino (regular),70.04 ฿,Cappuccino (regular),62.87 ฿,Cappuccino (regular),80.84 ฿,Cappuccino (regular),81.13 ฿,Cappuccino (regular),67.93 ฿,Cappuccino (regular),73.93 ฿,Cappuccino (regular),133.37 ฿,Cappuccino (regular),56.07 ฿,Cappuccino (regular),60.54 ฿
Coke/Pepsi (0.33 liter bottle),24.67 ฿,Coke/Pepsi (0.33 liter bottle),24.78 ฿,Coke/Pepsi (0.33 liter bottle),19.80 ฿,Coke/Pepsi (0.33 liter bottle),36.20 ฿,Coke/Pepsi (0.33 liter bottle),18.96 ฿,Coke/Pepsi (0.33 liter bottle),18.62 ฿,Coke/Pepsi (0.33 liter bottle),20.46 ฿,Coke/Pepsi (0.33 liter bottle),43.47 ฿,Coke/Pepsi (0.33 liter bottle),17.25 ฿,Coke/Pepsi (0.33 liter bottle),20.82 ฿
Water (0.33 liter bottle),18.88 ฿,Water (0.33 liter bottle),13.03 ฿,Water (0.33 liter bottle),9.71 ฿,Water (0.33 liter bottle),21.76 ฿,Water (0.33 liter bottle),10.85 ฿,Water (0.33 liter bottle),10.50 ฿,Water (0.33 liter bottle),12.51 ฿,Water (0.33 liter bottle),33.12 ฿,Water (0.33 liter bottle),10.14 ฿,Water (0.33 liter bottle),10.71 ฿
Markets,Edit,Markets,Edit,Markets,Edit,Markets,Edit,Markets,Edit,Markets,Edit,Markets,Edit,Markets,Edit,Markets,Edit,Markets,Edit
"Milk (regular), (1 liter)",48.49 ฿,"Milk (regular), (1 liter)",69.13 ฿,"Milk (regular), (1 liter)",42.09 ฿,"Milk (regular), (1 liter)",84.43 ฿,"Milk (regular), (1 liter)",51.45 ฿,"Milk (regular), (1 liter)",48.30 ฿,"Milk (regular), (1 liter)",55.42 ฿,"Milk (regular), (1 liter)",85.40 ฿,"Milk (regular), (1 liter)",48.54 ฿,"Milk (regular), (1 liter)",55.49 ฿
Loaf of Fresh White Bread (500g),45.98 ฿,Loaf of Fresh White Bread (500g),48.34 ฿,Loaf of Fresh White Bread (500g),37.50 ฿,Loaf of Fresh White Bread (500g),63.09 ฿,Loaf of Fresh White Bread (500g),26.07 ฿,Loaf of Fresh White Bread (500g),32.39 ฿,Loaf of Fresh White Bread (500g),38.35 ฿,Loaf of Fresh White Bread (500g),58.49 ฿,Loaf of Fresh White Bread (500g),28.28 ฿,Loaf of Fresh White Bread (500g),42.25 ฿
"Rice (white), (1kg)",41.08 ฿,"Rice (white), (1kg)",36.68 ฿,"Rice (white), (1kg)",28.82 ฿,"Rice (white), (1kg)",51.73 ฿,"Rice (white), (1kg)",32.55 ฿,"Rice (white), (1kg)",42.79 ฿,"Rice (white), (1kg)",31.70 ฿,"Rice (white), (1kg)",75.36 ฿,"Rice (white), (1kg)",28.86 ฿,"Rice (white), (1kg)",39.14 ฿
Eggs (regular) (12),62.98 ฿,Eggs (regular) (12),55.79 ฿,Eggs (regular) (12),50.09 ฿,Eggs (regular) (12),60.96 ฿,Eggs (regular) (12),45.67 ฿,Eggs (regular) (12),48.95 ฿,Eggs (regular) (12),56.48 ฿,Eggs (regular) (12),79.64 ฿,Eggs (regular) (12),47.40 ฿,Eggs (regular) (12),55.14 ฿
Local Cheese (1kg),211.56 ฿,Local Cheese (1kg),560.67 ฿,Local Cheese (1kg),255.97 ฿,Local Cheese (1kg),993.27 ฿,Local Cheese (1kg),361.99 ฿,Local Cheese (1kg),332.25 ฿,Local Cheese (1kg),208.46 ฿,Local Cheese (1kg),619.62 ฿,Local Cheese (1kg),413.26 ฿,Local Cheese (1kg),522.19 ฿
Chicken Fillets (1kg),164.76 ฿,Chicken Fillets (1kg),161.87 ฿,Chicken Fillets (1kg),105.82 ฿,Chicken Fillets (1kg),141.31 ฿,Chicken Fillets (1kg),117.54 ฿,Chicken Fillets (1kg),152.36 ฿,Chicken Fillets (1kg),129.22 ฿,Chicken Fillets (1kg),250.25 ฿,Chicken Fillets (1kg),112.50 ฿,Chicken Fillets (1kg),73.08 ฿
Beef Round (1kg) (or Equivalent Back Leg Red Meat),372.09 ฿,Beef Round (1kg) (or Equivalent Back Leg Red Meat),351.23 ฿,Beef Round (1kg) (or Equivalent Back Leg Red Meat),267.62 ฿,Beef Round (1kg) (or Equivalent Back Leg Red Meat),464.31 ฿,Beef Round (1kg) (or Equivalent Back Leg Red Meat),229.76 ฿,Beef Round (1kg) (or Equivalent Back Leg Red Meat),235.90 ฿,Beef Round (1kg) (or Equivalent Back Leg Red Meat),206.40 ฿,Beef Round (1kg) (or Equivalent Back Leg Red Meat),585.84 ฿,Beef Round (1kg) (or Equivalent Back Leg Red Meat),356.94 ฿,Beef Round (1kg) (or Equivalent Back Leg Red Meat),326.02 ฿
Apples (1kg),111.18 ฿,Apples (1kg),129.58 ฿,Apples (1kg),81.06 ฿,Apples (1kg),156.12 ฿,Apples (1kg),69.17 ฿,Apples (1kg),67.49 ฿,Apples (1kg),85.23 ฿,Apples (1kg),113.45 ฿,Apples (1kg),89.34 ฿,Apples (1kg),87.96 ฿
Banana (1kg),56.02 ฿,Banana (1kg),44.95 ฿,Banana (1kg),43.56 ฿,Banana (1kg),61.43 ฿,Banana (1kg),38.92 ฿,Banana (1kg),26.44 ฿,Banana (1kg),48.94 ฿,Banana (1kg),70.82 ฿,Banana (1kg),34.32 ฿,Banana (1kg),42.31 ฿
Oranges (1kg),94.89 ฿,Oranges (1kg),105.18 ฿,Oranges (1kg),57.43 ฿,Oranges (1kg),91.44 ฿,Oranges (1kg),69.82 ฿,Oranges (1kg),67.66 ฿,Oranges (1kg),81.03 ฿,Oranges (1kg),110.09 ฿,Oranges (1kg),51.65 ฿,Oranges (1kg),61.74 ฿
Tomato (1kg),91.39 ฿,Tomato (1kg),45.81 ฿,Tomato (1kg),33.31 ฿,Tomato (1kg),85.89 ฿,Tomato (1kg),37.68 ฿,Tomato (1kg),41.08 ฿,Tomato (1kg),45.75 ฿,Tomato (1kg),76.32 ฿,Tomato (1kg),31.22 ฿,Tomato (1kg),43.14 ฿
Potato (1kg),56.76 ฿,Potato (1kg),44.85 ฿,Potato (1kg),40.93 ฿,Potato (1kg),75.24 ฿,Potato (1kg),25.09 ฿,Potato (1kg),39.03 ฿,Potato (1kg),58.26 ฿,Potato (1kg),62.40 ฿,Potato (1kg),38.58 ฿,Potato (1kg),42.13 ฿
Onion (1kg),79.69 ฿,Onion (1kg),36.17 ฿,Onion (1kg),63.38 ฿,Onion (1kg),72.00 ฿,Onion (1kg),31.23 ฿,Onion (1kg),38.22 ฿,Onion (1kg),61.82 ฿,Onion (1kg),63.13 ฿,Onion (1kg),36.62 ฿,Onion (1kg),34.72 ฿
Lettuce (1 head),60.11 ฿,Lettuce (1 head),45.48 ฿,Lettuce (1 head),30.49 ฿,Lettuce (1 head),59.09 ฿,Lettuce (1 head),27.01 ฿,Lettuce (1 head),44.54 ฿,Lettuce (1 head),46.43 ฿,Lettuce (1 head),52.91 ฿,Lettuce (1 head),23.52 ฿,Lettuce (1 head),31.68 ฿
Water (1.5 liter bottle),25.53 ฿,Water (1.5 liter bottle),21.44 ฿,Water (1.5 liter bottle),14.71 ฿,Water (1.5 liter bottle),19.34 ฿,Water (1.5 liter bottle),17.52 ฿,Water (1.5 liter bottle),17.73 ฿,Water (1.5 liter bottle),24.68 ฿,Water (1.5 liter bottle),35.82 ฿,Water (1.5 liter bottle),16.58 ฿,Water (1.5 liter bottle),16.87 ฿
Bottle of Non-Alcoholic Wine (Mid-Range),48.08 ฿,Bottle of Wine (Mid-Range),323.94 ฿,Bottle of Wine (Mid-Range),677.05 ฿,Bottle of Wine (Mid-Range),388.73 ฿,Bottle of Wine (Mid-Range),541.71 ฿,Bottle of Wine (Mid-Range),453.52 ฿,Bottle of Wine (Mid-Range),252.07 ฿,Bottle of Wine (Mid-Range),721.15 ฿,Bottle of Wine (Mid-Range),284.16 ฿,Bottle of Wine (Mid-Range),570.00 ฿
Domestic Non-Alcoholic Beer (0.5 liter bottle),127.48 ฿,Domestic Beer (0.5 liter bottle),28.27 ฿,Domestic Beer (0.5 liter bottle),75.66 ฿,Domestic Beer (0.5 liter bottle),35.03 ฿,Domestic Beer (0.5 liter bottle),79.09 ฿,Domestic Beer (0.5 liter bottle),36.02 ฿,Domestic Beer (0.5 liter bottle),35.90 ฿,Domestic Beer (0.5 liter bottle),121.05 ฿,Domestic Beer (0.5 liter bottle),26.01 ฿,Domestic Beer (0.5 liter bottle),56.99 ฿
Imported Non-Alcoholic Beer (0.33 liter bottle),96.15 ฿,Imported Beer (0.33 liter bottle),66.95 ฿,Imported Beer (0.33 liter bottle),102.41 ฿,Imported Beer (0.33 liter bottle),65.02 ฿,Imported Beer (0.33 liter bottle),104.42 ฿,Imported Beer (0.33 liter bottle),54.69 ฿,Imported Beer (0.33 liter bottle),60.70 ฿,Imported Beer (0.33 liter bottle),140.31 ฿,Imported Beer (0.33 liter bottle),47.89 ฿,Imported Beer (0.33 liter bottle),92.03 ฿
Cigarettes 20 Pack (Marlboro),168.15 ฿,Cigarettes 20 Pack (Marlboro),48.59 ฿,Cigarettes 20 Pack (Marlboro),64.55 ฿,Cigarettes 20 Pack (Marlboro),77.24 ฿,Cigarettes 20 Pack (Marlboro),135.43 ฿,Cigarettes 20 Pack (Marlboro),48.59 ฿,Cigarettes 20 Pack (Marlboro),75.62 ฿,Cigarettes 20 Pack (Marlboro),336.54 ฿,Cigarettes 20 Pack (Marlboro),42.62 ฿,Cigarettes 20 Pack (Marlboro),140.00 ฿
Transportation,Edit,Transportation,Edit,Transportation,Edit,Transportation,Edit,Transportation,Edit,Transportation,Edit,Transportation,Edit,Transportation,Edit,Transportation,Edit,Transportation,Edit
One-way Ticket (Local Transport),24.04 ฿,One-way Ticket (Local Transport),48.59 ฿,One-way Ticket (Local Transport),11.28 ฿,One-way Ticket (Local Transport),21.91 ฿,One-way Ticket (Local Transport),19.35 ฿,One-way Ticket (Local Transport),6.48 ฿,One-way Ticket (Local Transport),6.93 ฿,One-way Ticket (Local Transport),43.27 ฿,One-way Ticket (Local Transport),9.95 ฿,One-way Ticket (Local Transport),30.00 ฿
Monthly Pass (Regular Price),661.05 ฿,Monthly Pass (Regular Price),"1,214.78 ฿",Monthly Pass (Regular Price),451.37 ฿,Monthly Pass (Regular Price),192.58 ฿,Monthly Pass (Regular Price),773.87 ฿,Monthly Pass (Regular Price),337.27 ฿,Monthly Pass (Regular Price),323.85 ฿,Monthly Pass (Regular Price),"2,884.59 ฿",Monthly Pass (Regular Price),284.16 ฿,Monthly Pass (Regular Price),"1,200.00 ฿"
Taxi Start (Normal Tariff),108.17 ฿,Taxi Start (Normal Tariff),32.39 ฿,Taxi Start (Normal Tariff),16.93 ฿,Taxi Start (Normal Tariff),97.18 ฿,Taxi Start (Normal Tariff),30.95 ฿,Taxi Start (Normal Tariff),48.59 ฿,Taxi Start (Normal Tariff),25.21 ฿,Taxi Start (Normal Tariff),84.13 ฿,Taxi Start (Normal Tariff),15.63 ฿,Taxi Start (Normal Tariff),35.00 ฿
Taxi 1km (Normal Tariff),108.17 ฿,Taxi 1km (Normal Tariff),32.39 ฿,Taxi 1km (Normal Tariff),12.41 ฿,Taxi 1km (Normal Tariff),64.79 ฿,Taxi 1km (Normal Tariff),19.35 ฿,Taxi 1km (Normal Tariff),32.39 ฿,Taxi 1km (Normal Tariff),8.51 ฿,Taxi 1km (Normal Tariff),24.04 ฿,Taxi 1km (Normal Tariff),21.31 ฿,Taxi 1km (Normal Tariff),35.00 ฿
Taxi 1hour Waiting (Normal Tariff),360.57 ฿,Taxi 1hour Waiting (Normal Tariff),97.18 ฿,Taxi 1hour Waiting (Normal Tariff),101.56 ฿,Taxi 1hour Waiting (Normal Tariff),242.96 ฿,Taxi 1hour Waiting (Normal Tariff),154.77 ฿,Taxi 1hour Waiting (Normal Tariff),122.81 ฿,Taxi 1hour Waiting (Normal Tariff),75.62 ฿,Taxi 1hour Waiting (Normal Tariff),475.96 ฿,Taxi 1hour Waiting (Normal Tariff),67.49 ฿,Taxi 1hour Waiting (Normal Tariff),150.00 ฿
Gasoline (1 liter),12.84 ฿,Gasoline (1 liter),32.68 ฿,Gasoline (1 liter),22.11 ฿,Gasoline (1 liter),34.36 ฿,Gasoline (1 liter),15.96 ฿,Gasoline (1 liter),23.45 ฿,Gasoline (1 liter),34.97 ฿,Gasoline (1 liter),58.50 ฿,Gasoline (1 liter),30.11 ฿,Gasoline (1 liter),32.50 ฿
Volkswagen Golf 1.4 90 KW Trendline (Or Equivalent New Car),"721,148.04 ฿",Volkswagen Golf 1.4 90 KW Trendline (Or Equivalent New Car),"1,619,700.90 ฿",Volkswagen Golf 1.4 90 KW Trendline (Or Equivalent New Car),"1,066,349.92 ฿",Volkswagen Golf 1.4 90 KW Trendline (Or Equivalent New Car),"1,529,780.13 ฿",Volkswagen Golf 1.4 90 KW Trendline (Or Equivalent New Car),"1,206,034.86 ฿",Volkswagen Golf 1.4 90 KW Trendline (Or Equivalent New Car),"814,214.50 ฿",Volkswagen Golf 1.4 90 KW Trendline (Or Equivalent New Car),"803,470.05 ฿",Volkswagen Golf 1.4 90 KW Trendline (Or Equivalent New Car),"3,064,879.17 ฿",Volkswagen Golf 1.4 90 KW Trendline (Or Equivalent New Car),"1,420,801.56 ฿",Volkswagen Golf 1.4 90 KW Trendline (Or Equivalent New Car),"1,200,000.00 ฿"
Toyota Corolla Sedan 1.6l 97kW Comfort (Or Equivalent New Car),"675,421.79 ฿",Toyota Corolla Sedan 1.6l 97kW Comfort (Or Equivalent New Car),"1,337,410.17 ฿",Toyota Corolla Sedan 1.6l 97kW Comfort (Or Equivalent New Car),"915,030.63 ฿",Toyota Corolla Sedan 1.6l 97kW Comfort (Or Equivalent New Car),"1,129,322.77 ฿",Toyota Corolla Sedan 1.6l 97kW Comfort (Or Equivalent New Car),"942,735.46 ฿",Toyota Corolla Sedan 1.6l 97kW Comfort (Or Equivalent New Car),"709,105.05 ฿",Toyota Corolla Sedan 1.6l 97kW Comfort (Or Equivalent New Car),"696,176.12 ฿",Toyota Corolla Sedan 1.6l 97kW Comfort (Or Equivalent New Car),"2,697,230.14 ฿",Toyota Corolla Sedan 1.6l 97kW Comfort (Or Equivalent New Car),"1,169,218.28 ฿",Toyota Corolla Sedan 1.6l 97kW Comfort (Or Equivalent New Car),"847,652.19 ฿"
Utilities (Monthly),Edit,Utilities (Monthly),Edit,Utilities (Monthly),Edit,Utilities (Monthly),Edit,Utilities (Monthly),Edit,Utilities (Monthly),Edit,Utilities (Monthly),Edit,Utilities (Monthly),Edit,Utilities (Monthly),Edit,Utilities (Monthly),Edit
"Basic (Electricity, Heating, Cooling, Water, Garbage) for 85m2 Apartment","1,886.89 ฿","Basic (Electricity, Heating, Cooling, Water, Garbage) for 85m2 Apartment","3,040.58 ฿","Basic (Electricity, Heating, Cooling, Water, Garbage) for 85m2 Apartment","2,107.33 ฿","Basic (Electricity, Heating, Cooling, Water, Garbage) for 85m2 Apartment","3,109.92 ฿","Basic (Electricity, Heating, Cooling, Water, Garbage) for 85m2 Apartment","1,495.32 ฿","Basic (Electricity, Heating, Cooling, Water, Garbage) for 85m2 Apartment",882.46 ฿,"Basic (Electricity, Heating, Cooling, Water, Garbage) for 85m2 Apartment","3,599.88 ฿","Basic (Electricity, Heating, Cooling, Water, Garbage) for 85m2 Apartment","4,027.30 ฿","Basic (Electricity, Heating, Cooling, Water, Garbage) for 85m2 Apartment","2,155.31 ฿","Basic (Electricity, Heating, Cooling, Water, Garbage) for 85m2 Apartment","2,136.62 ฿"
1 min. of Prepaid Mobile Tariff Local (No Discounts or Plans),4.81 ฿,1 min. of Prepaid Mobile Tariff Local (No Discounts or Plans),1.77 ฿,1 min. of Prepaid Mobile Tariff Local (No Discounts or Plans),3.35 ฿,1 min. of Prepaid Mobile Tariff Local (No Discounts or Plans),4.70 ฿,1 min. of Prepaid Mobile Tariff Local (No Discounts or Plans),2.02 ฿,1 min. of Prepaid Mobile Tariff Local (No Discounts or Plans),0.53 ฿,1 min. of Prepaid Mobile Tariff Local (No Discounts or Plans),5.01 ฿,1 min. of Prepaid Mobile Tariff Local (No Discounts or Plans),5.01 ฿,1 min. of Prepaid Mobile Tariff Local (No Discounts or Plans),2.29 ฿,1 min. of Prepaid Mobile Tariff Local (No Discounts or Plans),1.62 ฿
"Internet (60 Mbps or More, Unlimited Data, Cable/ADSL)","3,545.16 ฿","Internet (60 Mbps or More, Unlimited Data, Cable/ADSL)","1,065.59 ฿","Internet (60 Mbps or More, Unlimited Data, Cable/ADSL)","1,056.18 ฿","Internet (60 Mbps or More, Unlimited Data, Cable/ADSL)","3,265.60 ฿","Internet (60 Mbps or More, Unlimited Data, Cable/ADSL)",928.21 ฿,"Internet (60 Mbps or More, Unlimited Data, Cable/ADSL)","2,439.45 ฿","Internet (60 Mbps or More, Unlimited Data, Cable/ADSL)","1,434.89 ฿","Internet (60 Mbps or More, Unlimited Data, Cable/ADSL)","1,089.08 ฿","Internet (60 Mbps or More, Unlimited Data, Cable/ADSL)",347.72 ฿,"Internet (60 Mbps or More, Unlimited Data, Cable/ADSL)",649.92 ฿
Sports And Leisure,Edit,Sports And Leisure,Edit,Sports And Leisure,Edit,Sports And Leisure,Edit,Sports And Leisure,Edit,Sports And Leisure,Edit,Sports And Leisure,Edit,Sports And Leisure,Edit,Sports And Leisure,Edit,Sports And Leisure,Edit
"Fitness Club, Monthly Fee for 1 Adult","1,466.72 ฿","Fitness Club, Monthly Fee for 1 Adult","1,811.75 ฿","Fitness Club, Monthly Fee for 1 Adult",950.11 ฿,"Fitness Club, Monthly Fee for 1 Adult","1,108.43 ฿","Fitness Club, Monthly Fee for 1 Adult","1,061.34 ฿","Fitness Club, Monthly Fee for 1 Adult","1,339.53 ฿","Fitness Club, Monthly Fee for 1 Adult","1,191.77 ฿","Fitness Club, Monthly Fee for 1 Adult","3,262.17 ฿","Fitness Club, Monthly Fee for 1 Adult",720.51 ฿,"Fitness Club, Monthly Fee for 1 Adult","1,600.08 ฿"
Tennis Court Rent (1 Hour on Weekend),261.45 ฿,Tennis Court Rent (1 Hour on Weekend),447.04 ฿,Tennis Court Rent (1 Hour on Weekend),261.72 ฿,Tennis Court Rent (1 Hour on Weekend),655.27 ฿,Tennis Court Rent (1 Hour on Weekend),166.81 ฿,Tennis Court Rent (1 Hour on Weekend),302.97 ฿,Tennis Court Rent (1 Hour on Weekend),166.61 ฿,Tennis Court Rent (1 Hour on Weekend),316.39 ฿,Tennis Court Rent (1 Hour on Weekend),247.65 ฿,Tennis Court Rent (1 Hour on Weekend),318.44 ฿
"Cinema, International Release, 1 Seat",168.27 ฿,"Cinema, International Release, 1 Seat",161.97 ฿,"Cinema, International Release, 1 Seat",112.84 ฿,"Cinema, International Release, 1 Seat",178.14 ฿,"Cinema, International Release, 1 Seat",116.08 ฿,"Cinema, International Release, 1 Seat",129.58 ฿,"Cinema, International Release, 1 Seat",157.54 ฿,"Cinema, International Release, 1 Seat",312.50 ฿,"Cinema, International Release, 1 Seat",127.87 ฿,"Cinema, International Release, 1 Seat",200.00 ฿
Childcare,Edit,Childcare,Edit,Childcare,Edit,Childcare,Edit,Childcare,Edit,Childcare,Edit,Childcare,Edit,Childcare,Edit,Childcare,Edit,Childcare,Edit
"Preschool (or Kindergarten), Full Day, Private, Monthly for 1 Child","7,520.78 ฿","Preschool (or Kindergarten), Full Day, Private, Monthly for 1 Child","6,849.54 ฿","Preschool (or Kindergarten), Full Day, Private, Monthly for 1 Child","3,212.93 ฿","Preschool (or Kindergarten), Full Day, Private, Monthly for 1 Child","3,239.40 ฿","Preschool (or Kindergarten), Full Day, Private, Monthly for 1 Child","5,349.30 ฿","Preschool (or Kindergarten), Full Day, Private, Monthly for 1 Child","13,799.85 ฿","Preschool (or Kindergarten), Full Day, Private, Monthly for 1 Child","6,115.33 ฿","Preschool (or Kindergarten), Full Day, Private, Monthly for 1 Child","30,964.29 ฿","Preschool (or Kindergarten), Full Day, Private, Monthly for 1 Child","5,333.36 ฿","Preschool (or Kindergarten), Full Day, Private, Monthly for 1 Child","11,637.57 ฿"
"International Primary School, Yearly for 1 Child","405,732.63 ฿","International Primary School, Yearly for 1 Child","228,782.75 ฿","International Primary School, Yearly for 1 Child","233,488.79 ฿","International Primary School, Yearly for 1 Child","150,973.51 ฿","International Primary School, Yearly for 1 Child","206,915.70 ฿","International Primary School, Yearly for 1 Child","287,766.86 ฿","International Primary School, Yearly for 1 Child","169,059.24 ฿","International Primary School, Yearly for 1 Child","700,786.21 ฿","International Primary School, Yearly for 1 Child","377,812.63 ฿","International Primary School, Yearly for 1 Child","392,525.81 ฿"
Clothing And Shoes,Edit,Clothing And Shoes,Edit,Clothing And Shoes,Edit,Clothing And Shoes,Edit,Clothing And Shoes,Edit,Clothing And Shoes,Edit,Clothing And Shoes,Edit,Clothing And Shoes,Edit,Clothing And Shoes,Edit,Clothing And Shoes,Edit
1 Pair of Jeans (Levis 501 Or Similar),"2,095.29 ฿",1 Pair of Jeans (Levis 501 Or Similar),879.62 ฿,1 Pair of Jeans (Levis 501 Or Similar),"1,264.39 ฿",1 Pair of Jeans (Levis 501 Or Similar),"2,875.20 ฿",1 Pair of Jeans (Levis 501 Or Similar),"1,656.65 ฿",1 Pair of Jeans (Levis 501 Or Similar),"1,506.95 ฿",1 Pair of Jeans (Levis 501 Or Similar),"1,340.03 ฿",1 Pair of Jeans (Levis 501 Or Similar),"2,178.16 ฿",1 Pair of Jeans (Levis 501 Or Similar),"1,302.10 ฿",1 Pair of Jeans (Levis 501 Or Similar),"1,769.38 ฿"
"1 Summer Dress in a Chain Store (Zara, H&M, ...)","1,082.43 ฿","1 Summer Dress in a Chain Store (Zara, H&M, ...)",598.04 ฿,"1 Summer Dress in a Chain Store (Zara, H&M, ...)",903.90 ฿,"1 Summer Dress in a Chain Store (Zara, H&M, ...)","1,640.11 ฿","1 Summer Dress in a Chain Store (Zara, H&M, ...)",819.28 ฿,"1 Summer Dress in a Chain Store (Zara, H&M, ...)","1,280.07 ฿","1 Summer Dress in a Chain Store (Zara, H&M, ...)",833.31 ฿,"1 Summer Dress in a Chain Store (Zara, H&M, ...)","1,183.54 ฿","1 Summer Dress in a Chain Store (Zara, H&M, ...)",965.08 ฿,"1 Summer Dress in a Chain Store (Zara, H&M, ...)",951.20 ฿
1 Pair of Nike Running Shoes (Mid-Range),"2,826.90 ฿",1 Pair of Nike Running Shoes (Mid-Range),"1,961.86 ฿",1 Pair of Nike Running Shoes (Mid-Range),"2,126.14 ฿",1 Pair of Nike Running Shoes (Mid-Range),"3,547.08 ฿",1 Pair of Nike Running Shoes (Mid-Range),"2,069.62 ฿",1 Pair of Nike Running Shoes (Mid-Range),"2,827.69 ฿",1 Pair of Nike Running Shoes (Mid-Range),"2,448.29 ฿",1 Pair of Nike Running Shoes (Mid-Range),"3,133.76 ฿",1 Pair of Nike Running Shoes (Mid-Range),"2,967.74 ฿",1 Pair of Nike Running Shoes (Mid-Range),"2,885.33 ฿"
1 Pair of Men Leather Business Shoes,"2,131.81 ฿",1 Pair of Men Leather Business Shoes,"1,480.87 ฿",1 Pair of Men Leather Business Shoes,"2,058.15 ฿",1 Pair of Men Leather Business Shoes,"1,450.74 ฿",1 Pair of Men Leather Business Shoes,"1,887.21 ฿",1 Pair of Men Leather Business Shoes,"2,962.04 ฿",1 Pair of Men Leather Business Shoes,"2,001.22 ฿",1 Pair of Men Leather Business Shoes,"3,300.75 ฿",1 Pair of Men Leather Business Shoes,"2,785.22 ฿",1 Pair of Men Leather Business Shoes,"2,554.81 ฿"
Rent Per Month,Edit,Rent Per Month,Edit,Rent Per Month,Edit,Rent Per Month,Edit,Rent Per Month,Edit,Rent Per Month,Edit,Rent Per Month,Edit,Rent Per Month,Edit,Rent Per Month,Edit,Rent Per Month,Edit
Apartment (1 bedroom) in City Centre,"20,839.60 ฿",Apartment (1 bedroom) in City Centre,"14,592.98 ฿",Apartment (1 bedroom) in City Centre,"9,142.55 ฿",Apartment (1 bedroom) in City Centre,"19,126.39 ฿",Apartment (1 bedroom) in City Centre,"10,838.68 ฿",Apartment (1 bedroom) in City Centre,"19,810.56 ฿",Apartment (1 bedroom) in City Centre,"9,853.84 ฿",Apartment (1 bedroom) in City Centre,"68,079.81 ฿",Apartment (1 bedroom) in City Centre,"12,785.57 ฿",Apartment (1 bedroom) in City Centre,"12,106.38 ฿"
Apartment (1 bedroom) Outside of Centre,"16,979.68 ฿",Apartment (1 bedroom) Outside of Centre,"7,894.54 ฿",Apartment (1 bedroom) Outside of Centre,"5,538.79 ฿",Apartment (1 bedroom) Outside of Centre,"8,671.18 ฿",Apartment (1 bedroom) Outside of Centre,"6,778.13 ฿",Apartment (1 bedroom) Outside of Centre,"11,570.61 ฿",Apartment (1 bedroom) Outside of Centre,"5,692.27 ฿",Apartment (1 bedroom) Outside of Centre,"46,684.80 ฿",Apartment (1 bedroom) Outside of Centre,"8,368.06 ฿",Apartment (1 bedroom) Outside of Centre,"7,128.61 ฿"
Apartment (3 bedrooms) in City Centre,"39,428.55 ฿",Apartment (3 bedrooms) in City Centre,"35,178.61 ฿",Apartment (3 bedrooms) in City Centre,"21,325.53 ฿",Apartment (3 bedrooms) in City Centre,"36,331.57 ฿",Apartment (3 bedrooms) in City Centre,"19,030.63 ฿",Apartment (3 bedrooms) in City Centre,"39,776.13 ฿",Apartment (3 bedrooms) in City Centre,"20,852.19 ฿",Apartment (3 bedrooms) in City Centre,"138,620.68 ฿",Apartment (3 bedrooms) in City Centre,"27,843.81 ฿",Apartment (3 bedrooms) in City Centre,"37,565.76 ฿"
Apartment (3 bedrooms) Outside of Centre,"27,953.66 ฿",Apartment (3 bedrooms) Outside of Centre,"22,133.56 ฿",Apartment (3 bedrooms) Outside of Centre,"12,972.04 ฿",Apartment (3 bedrooms) Outside of Centre,"21,240.97 ฿",Apartment (3 bedrooms) Outside of Centre,"12,547.04 ฿",Apartment (3 bedrooms) Outside of Centre,"32,192.68 ฿",Apartment (3 bedrooms) Outside of Centre,"11,926.77 ฿",Apartment (3 bedrooms) Outside of Centre,"76,865.22 ฿",Apartment (3 bedrooms) Outside of Centre,"16,652.13 ฿",Apartment (3 bedrooms) Outside of Centre,"20,233.58 ฿"
Buy Apartment Price,Edit,Buy Apartment Price,Edit,Buy Apartment Price,Edit,Buy Apartment Price,Edit,Buy Apartment Price,Edit,Buy Apartment Price,Edit,Buy Apartment Price,Edit,Buy Apartment Price,Edit,Buy Apartment Price,Edit,Buy Apartment Price,Edit
Price per Square Meter to Buy Apartment in City Centre,"46,874.62 ฿",Price per Square Meter to Buy Apartment in City Centre,"67,100.22 ฿",Price per Square Meter to Buy Apartment in City Centre,"55,180.51 ฿",Price per Square Meter to Buy Apartment in City Centre,"75,437.11 ฿",Price per Square Meter to Buy Apartment in City Centre,"63,635.31 ฿",Price per Square Meter to Buy Apartment in City Centre,"27,345.99 ฿",Price per Square Meter to Buy Apartment in City Centre,"73,606.61 ฿",Price per Square Meter to Buy Apartment in City Centre,"594,915.39 ฿",Price per Square Meter to Buy Apartment in City Centre,"77,170.91 ฿",Price per Square Meter to Buy Apartment in City Centre,"112,020.40 ฿"
Price per Square Meter to Buy Apartment Outside of Centre,"29,647.20 ฿",Price per Square Meter to Buy Apartment Outside of Centre,"40,355.30 ฿",Price per Square Meter to Buy Apartment Outside of Centre,"29,539.94 ฿",Price per Square Meter to Buy Apartment Outside of Centre,"11,263.44 ฿",Price per Square Meter to Buy Apartment Outside of Centre,"37,069.23 ฿",Price per Square Meter to Buy Apartment Outside of Centre,"7,307.95 ฿",Price per Square Meter to Buy Apartment Outside of Centre,"42,100.80 ฿",Price per Square Meter to Buy Apartment Outside of Centre,"313,220.06 ฿",Price per Square Meter to Buy Apartment Outside of Centre,"42,368.17 ฿",Price per Square Meter to Buy Apartment Outside of Centre,"56,432.34 ฿"
Salaries And Financing,Edit,Salaries And Financing,Edit,Salaries And Financing,Edit,Salaries And Financing,Edit,Salaries And Financing,Edit,Salaries And Financing,Edit,Salaries And Financing,Edit,Salaries And Financing,Edit,Salaries And Financing,Edit,Salaries And Financing,Edit
Average Monthly Net Salary (After Tax),"61,863.58 ฿",Average Monthly Net Salary (After Tax),"8,558.09 ฿",Average Monthly Net Salary (After Tax),"9,754.06 ฿",Average Monthly Net Salary (After Tax),"10,108.24 ฿",Average Monthly Net Salary (After Tax),"26,201.88 ฿",Average Monthly Net Salary (After Tax),"7,677.57 ฿",Average Monthly Net Salary (After Tax),"9,957.56 ฿",Average Monthly Net Salary (After Tax),"133,302.86 ฿",Average Monthly Net Salary (After Tax),"14,808.36 ฿",Average Monthly Net Salary (After Tax),"18,519.80 ฿"
"Mortgage Interest Rate in Percentages (%), Yearly, for 20 Years Fixed-Rate",4.17,"Mortgage Interest Rate in Percentages (%), Yearly, for 20 Years Fixed-Rate",9.72,"Mortgage Interest Rate in Percentages (%), Yearly, for 20 Years Fixed-Rate",9.87,"Mortgage Interest Rate in Percentages (%), Yearly, for 20 Years Fixed-Rate",10.12,"Mortgage Interest Rate in Percentages (%), Yearly, for 20 Years Fixed-Rate",4.13,"Mortgage Interest Rate in Percentages (%), Yearly, for 20 Years Fixed-Rate",12.43,"Mortgage Interest Rate in Percentages (%), Yearly, for 20 Years Fixed-Rate",7.61,"Mortgage Interest Rate in Percentages (%), Yearly, for 20 Years Fixed-Rate",1.90,"Mortgage Interest Rate in Percentages (%), Yearly, for 20 Years Fixed-Rate",9.62,"Mortgage Interest Rate in Percentages (%), Yearly, for 20 Years Fixed-Rate",5.24
